		----		
		----		
		----		
es-en.1	0	----	En su propuesta, Grecia hace notables concesiones, según las fuentes consultadas en el Eurogrupo.	
es-en.1	0	----	In its proposal, Greece made notable concessions, according to the sources consulted in the Eurogroup.	
		----		
es-en.1	0		In its proposal, Greece made notable concessions, according to the sources consulted in the Eurogroup.	s7
es-en.1	0		In its proposal, Greece made notable concessions, according to the sources consulted in the Eurogroup.	s8
es-en.1	0		In its proposal, Greece made notable concessions, according to the sources consulted in the Eurogroup.	s9
es-en.1	0		In its proposal, Greece made notable concessions, according to the sources consulted in the Eurogroup.	s3
es-en.1	0		In its proposal, Greece made notable concessions, according to the sources consulted in the Eurogroup.	s2
es-en.1	0		In its proposal, Greece made notable concessions, according to the sources consulted in the Eurogroup.	s5
es-en.1	0		In its proposal, Greece made notable concessions, according to the sources consulted in the Eurogroup.	s4
es-en.1	0		In its proposal, Greece made notable concessions, according to the sources consulted in Eurogroup.	s12
es-en.1	0		In its proposal, Greece made notable concessions, according to the sources consulted in the European Union.	s16
es-en.1	0		In its proposal, Greece made notable concessions, according to the sources consulted in Eurogroup.	s6
es-en.1	0		In its proposal, Greece made notable concessions, according to the consulted sources in the Eurogroup.	s1
		----		
		----		
		----		
es-en.1	1	----	Promete cumplir escrupulosamente con los pagos a los acreedores, y sobre todo reconoce	
es-en.1	1	----	It promises to comply scrupulously with payments to creditors, and above all recognizes	
		----		
es-en.1	1		Greece promises to comply scrupulously with payments to creditors, and above all recognizes	s12
es-en.1	1		It promises to comply scrupulously with payments to creditors, and above all recognizes	s1
es-en.1	1		It promises to comply scrupulously with payments to creditors, and above all recognizes	s8
es-en.1	1		The country promises to make exact payments to creditors, and recognizes above all	s16
es-en.1	1		It promises to comply scrupulously with payments to creditors, and above all recognizes	s6
es-en.1	1		It promises to comply scrupulously with payments to creditors, and above all recognizes	s3
es-en.1	1		It promises to comply scrupulously with payments to creditors, and above all recognizes	s9
es-en.1	1		It promises to comply scrupulously with payments to creditors, and above all recognizes	s5
es-en.1	1		It promises to comply scrupulously with payments to creditors, and above all recognizes	s2
es-en.1	1		It promises to scrupulously comply with payments to creditors, and above all recognizes	s7
es-en.1	1		It promises to comply scrupulously with payments to creditors, and above all recognizes	s4
		----		
		----		
		----		
es-en.1	2	----	que el actual programa es la base sobre la que hay que buscar un acuerdo de compromiso para la prórroga de la asistencia financiera.	
es-en.1	2	----	that the current programme is the basis on which can be found a compromise agreement for the extension of financial assistance.	
		----		
es-en.1	2		that the current programme is the basis for finding a compromise on the extension of financial assistance.	s12
es-en.1	2		that the current programme is the basis on which a compromise agreement for the extension of financial assistance can be found .	s3
es-en.1	2		that the current programme is the basis on which a compromise can be found for the extension of financial assistance.	s2
es-en.1	2		that the current programme is the basis for finding a compromise agreement for the extension of financial assistance.	s4
es-en.1	2		that the current program is the basis on which a compromise agreement on the extension of financial assistance could happen.	s6
es-en.1	2		that the current program is the basis on which a compromise agreement can be found for the extension of financial assistance.	s16
es-en.1	2		that the current programme is the basis on which  a compromise agreement for the extension of financial assistance must be found.	s7
es-en.1	2		that the current programme is the basis on which a compromise agreement for the extension of financial assistance can be found.	s8
es-en.1	2		that the current programme is the basis on which a compromise agreement can be found for the extension of financial assistance.	s1
es-en.1	2		that the current programme is the basis on which a compromise agreement for the extension of financial assistance can be found.	s5
es-en.1	2		that the current programme is the basis on which a compromise agreement for the extension of financial assistance can be found.	s9
		----		
		----		
		----		
es-en.1	3	----	Además, acepta que esa extensión sea revisada por la Comisión Europea, el BCE y el FMI	
es-en.1	3	----	You further agree that this extension be reviewed by the European Commission, the ECB and the IMF	
		----		
es-en.1	3		In addition, it accepts that this extension will be reviewed by the European Commission, the ECB and the IMF	s8
es-en.1	3		Additionally, you agree that that extension be reviewed by the European Commission, the ECB, and the IMF	s7
es-en.1	3		Furthermore, it agrees that this extension may be reviewed by the European Commission, the ECB and the IMF	s4
es-en.1	3		It further agrees that this extension be reviewed by the European Commission, the ECB and the IMF	s1
es-en.1	3		You further agree that this extension be reviewed by the European Commission, the ECB and the IMF	s3
es-en.1	3		Greece further agrees that this extension be reviewed by the European Commission, the ECB and the IMF	s12
es-en.1	3		You further agree that this extension be reviewed by the European Commission, the ECB, and the IMF	s9
es-en.1	3		It also agrees for this extension to be reviewed by the European Commission, the ECB and the IMF	s5
es-en.1	3		It also accepts that this extension shall be reviewed by the European Commission, the ECB and the IMF	s2
es-en.1	3		Greece further agrees that this extension be reviewed by the European Commission, the ECB and the IMF	s16
es-en.1	3		it also agrees that this extension be reviewed by the European Commission, the ECB and the IMF	s6
		----		
		----		
		----		
es-en.1	4	----	-las tres instituciones anteriormente conocidas como troika—, aunque presumiblemente a partir de ahora ese trío operará por separado.	
es-en.1	4	----	-three institutions formerly known as troika, although presumably now that trio will operate separately.	
		----		
es-en.1	4		-- the three institutions previously  known as troika--, although presumably now they will operate separately.	s6
es-en.1	4		-three institutions formerly known as troika, although that trio will presumably operate separately from now on.	s16
es-en.1	4		- the three institutions formerly known as troika, although presumably now that trio will operate separately.	s1
es-en.1	4		-three institutions formerly known as troika, although presumably now that trio will operate separately.	s3
es-en.1	4		-three institutions formerly known as troika-although presumably now that trio will operate separately.	s2
es-en.1	4		-three institutions formerly known as troika, although presumably now that trio will operate separately.	s12
es-en.1	4		- three institutions formerly known as troika - although presumably now that trio will operate separately.	s4
es-en.1	4		-the three institutions formerly known as troika- although presumably that trio will now operate separately.	s8
es-en.1	4		-The three institutions were formerly known as troika, although it is now presumed that the trio will operate separately.	s9
es-en.1	4		-three institutions formerly known as troika, although it is presumed that the trio will now operate separately.	s7
es-en.1	4		-three institutions formerly known as troika, although presumably now that trio will operate separately.	s5
		----		
		----		
		----		
es-en.1	5	----	El presidente de la Comisión, Jean-Claude Juncker, ve en la petición del Gobierno griego "señales positivas"	
es-en.1	5	----	The President of the Commission, Jean-Claude Juncker, at the request of the Greek Government sees "positive signs"	
		----		
es-en.1	5		The President of the Commission, Jean-Claude Juncker, sees "positive signs" on the  Greek Government's request	s7
es-en.1	5		The President of the Commission, Jean-Claude Juncker, at the request of the Greek Government sees "positive signs"	s5
es-en.1	5		The President of the Commission, Jean-Claude Juncker, sees within the Greek Government's petition "positive signs"	s1
es-en.1	5		The President of the Commission, Jean-Claude Juncker, sees "positive signs" in the Greek Government's petition	s12
es-en.1	5		The President of the Commission, Jean-Claude Juncker considers that there are positive signs in the request of the Greek Government	s6
es-en.1	5		The President of the Commission, Jean-Claude Juncker, sees "positive signs" in the Greek government's request	s2
es-en.1	5		The President of the Commission, Jean-Claude Juncker, at the request of the Greek Government, sees "positive signs"	s4
es-en.1	5		The President of the Commission, Jean-Claude Juncker, sees "positive signs" in the Greek Government request	s3
es-en.1	5		The President of the Commission, Jean-Claude Juncker, sees "positive signs" in the request of the Greek Government	s8
es-en.1	5		The President of the Commission, Jean-Claude Juncker, at the request of the Greek Government sees "good signs"	s16
es-en.1	5		The President of the Commission, Jean-Claude Juncker, at the request of the Greek Government sees "positive signs"	s9
		----		
		----		
		----		
es-en.1	6	----	que pueden allanar el camino hacia un compromiso entre Atenas y sus socios del euro.	
es-en.1	6	----	that can pave the way for a compromise between Athens and its partners in the euro.	
		----		
es-en.1	6		that can pave the way for a compromise between Athens and its euro partners.	s7
es-en.1	6		that can pave the way for a compromise between Athens and its partners in the euro.	s3
es-en.1	6		that could pave the way for a compromise between Athens and its euro partners.	s12
es-en.1	6		that can pave the way for a compromise between Athens and its partners in the euro.	s1
es-en.1	6		that can pave the way for a compromise between Athens and its euro partners.	s9
es-en.1	6		that could pave the way for a compromise between Athens and its Euro partners.	s4
es-en.1	6		that can pave the way for an agreement between Athens and its partners in the euro.	s6
es-en.1	6		that can pave the way for a compromise between Athens and its partners in the Eurozone.	s5
es-en.1	6		that can pave the way for a compromise between Athens and its partners in the euro.	s2
es-en.1	6		that can pave the way for a compromise between Athens and its partners in the Euro.	s16
es-en.1	6		that can pave the way for a compromise between Athens and its euro partners.	s8
		----		
		----		
		----		
es-en.1	7	----	El presidente Juncker, que ha mantenido conversaciones intensas con el presidente del Eurogrupo, Jeroen Dijsselbloem,	
es-en.1	7	----	President Juncker, who has held intensive talks with the President of the Eurogroup, Jeroen Dijsselbloem,	
		----		
es-en.1	7		President Juncker, who has held intensive talks with the President of Eurogroup, Jeroen Dijsselbloem,	s3
es-en.1	7		President Juncker, who has held intense talks with the President of the Eurogroup, Jeroen Dijsselbloem,	s1
es-en.1	7		President Juncker, who has held intensive talks with the President of the Eurogroup, Jeroen Dijsselbloem,	s4
es-en.1	7		President Juncker, who has held intensive talks with the President of the Eurogroup, Jeroen Dijsselbloem,	s9
es-en.1	7		President Juncker, who has had intensive discussions with the President of the European Union, Jeroen Dijsselbloem,	s16
es-en.1	7		President Juncker, who has held intensive talks with the President of the Eurogroup, Jeroen Dijsselbloem,	s5
es-en.1	7		President Juncker, who held intensive talks with the President of Eurogroup, Jeroen Dijsselbloem,	s12
es-en.1	7		President Juncker, who has held intensive talks with the President of the Eurogroup, Jeroen Dijsselbloem,	s7
es-en.1	7		President Juncker, who has held intensive conversations with the President of the Eurogroup, Jeroen Dijsselbloem,	s8
es-en.1	7		President Juncker, who has held regular conversations with the President of the Eurogroup, Jeroen Dijsselbloem,	s6
es-en.1	7		President Juncker, who has held intensive talks with the President of the Eurogroup, Jeroen Dijsselbloem,	s2
		----		
		----		
		----		
es-en.1	8	----	y con el primer ministro griego, Alexis Tsipras, durante la noche y también esta mañana,	
es-en.1	8	----	and with the Greek Prime Minister, Alexis Tsipras, during the night, and this morning,	
		----		
es-en.1	8		and with the Greek Prime Minister, Alexis Tsipras, during the night, and this morning,	s7
es-en.1	8		and with the Greek Prime Minister, Alexis Tsipras, throughout the night and also this morning,	s2
es-en.1	8		and with the Greek Prime Minister, Alexis Tsipras, during last night and this morning	s5
es-en.1	8		and with the Greek Prime Minister, Alexis Tsipras, last night, and this morning,	s12
es-en.1	8		and with the Greek Prime Minister, Alexis Tsipras, in the evening as well as  this morning,	s8
es-en.1	8		and with the Greek Prime Minister, Alexis Tsipras, during the night, and this morning,	s6
es-en.1	8		and with the Greek Prime Minister, Alexis Tsipras, throughout the night, and this morning,	s9
es-en.1	8		and with the Greek Prime Minister, Alexis Tsipras, during the night and also this morning,	s4
es-en.1	8		and with the Greek Prime Minister, Alexis Tsipras, during the night, and this morning,	s3
es-en.1	8		and with the Greek Prime Minister, Alexis Tsipras, overnight and this morning,	s16
es-en.1	8		and with the Greek Prime Minister, Alexis Tsipras, during the night, and this morning,	s1
		----		
		----		
		----		
es-en.1	9	----	ve en esta carta de petición una señal positiva, ha indicado el portavoz comunitario Margaritis Schinas.	
es-en.1	9	----	seen in this letter of request a positive signal, said community spokesman Margaritis Schinas.	
		----		
es-en.1	9		sees a positive sign in this letter of request, said community spokesman Margaritis Schinas.	s3
es-en.1	9		a positive signal can be seen in this letter of request, said community spokesman Margaritis Schinas.	s1
es-en.1	9		sees in this letter of request as a good sign," said community spokesman Margaritis Schinas.	s16
es-en.1	9		sees in this letter of request a positive sign, said community spokesman Margaritis Schinas.	s5
es-en.1	9		sees in this letter of request a positive signal, said community spokesman Margaritis Schinas.	s7
es-en.1	9		sees a positive sign in this petition letter, said community spokesman Margaritis Schinas.	s12
es-en.1	9		have seen this letter of request as a positive sign, said community spokesman Margaritis Schinas.	s9
es-en.1	9		sees in this letter of request a positive signal,  says Margaritis Schinas, the community spokeman	s6
es-en.1	9		sees in this letter of request a positive sign, said community spokesman Margaritis Schinas.	s8
es-en.1	9		sees a positive sign in this request, according to community spokesperson Margaritis Schinas.	s2
es-en.1	9		sees in this request letter a positive sign, said community spokesman Margaritis Schinas.	s4
		----		
		----		
		----		
es-en.1	10	----	Atenas ha negociado a contrarreloj en las últimas horas para formalizar una petición admisible por los socios del euro,	
es-en.1	10	----	Athens has negotiated around the clock in the final hours to formalize an admissible request by euro partners,	
		----		
es-en.1	10		Athens has negotiated around the clock in the final hours to formalize an admissible petition by euro partners,	s12
es-en.1	10		Athens has negotiated around the clock in the final hours to formalize an admissible request by euro partners,	s9
es-en.1	10		Athens has negotiated around the clock in the final hours to formalize an admissible request by euro partners,	s1
es-en.1	10		Athens has negotiated around the clock in these last  hours to formalize an admissible request for its euro partners,	s4
es-en.1	10		Athens has negotiated around the clock in the final hours to formalize an admissible request by euro partners,	s3
es-en.1	10		Athens has negotiated around the clock in the last few hours to issue a legitimate request by Euro partners	s16
es-en.1	10		In the last hours, Athens has negotiated around the clock to formalize an acceptable request by euro partners,	s6
es-en.1	10		Athens has negotiated around the clock in the final hours to formalize an admissible request by the euro partners,	s2
es-en.1	10		Athens has negotiated around the clock in the final hours to formalize an admissible request by euro partners,	s8
es-en.1	10		In the final hours, Athens has negotiated around the clock to formalize a request acceptable to its euro partners,	s5
es-en.1	10		Athens has negotiated around the clock in the final hours to formalize an admissible request by euro partners,	s7
		----		
		----		
		----		
es-en.1	11	----	que está basada, según las primeras informaciones, en un borrador elaborado conjuntamente por el ministro y la Comisión Europea el pasado lunes.	
es-en.1	11	----	that is based, according to the first reports, a draft prepared jointly by the Ministry and the European Commission on Monday.	
		----		
es-en.1	11		that is based, according to the first reports, on a draft prepared jointly by the Ministry and the European Commission last Monday.	s2
es-en.1	11		that is based, according to the first reports, on a draft that was prepared jointly by the Ministry and the European Commission on Monday.	s7
es-en.1	11		based, according to the first reports, on a draft prepared jointly by the Ministry and the European Commission last Monday.	s4
es-en.1	11		that is based, according to the first reports, on a draft prepared jointly by the Ministry and the European Commission on Monday.	s3
es-en.1	11		that is based, according to the first reports, on a draft prepared jointly by the Ministry and the European Commission on Monday.	s9
es-en.1	11		that is based, according to the first reports, on a draft prepared jointly by the Ministry and the European Commission on Monday.	s16
es-en.1	11		that is based, according to the first reports, on a draft prepared on Monday by the Ministry and the European Commission together.	s6
es-en.1	11		that is based, according to the first reports, a draft prepared jointly by the Ministry and the European Commission last Monday.	s1
es-en.1	11		that is based on, according to the first reports, a draft jointly prepared on Monday by the Ministry and the European Commission.	s8
es-en.1	11		which is based, according to the first reports, on a draft prepared jointly by the Ministry and the European Commission on Monday.	s5
es-en.1	11		that is based on, according to the first reports, a draft prepared jointly by the Ministry and the European Commission on Monday.	s12
		----		
		----		
		----		
es-en.1	12	----	Grecia no quería una extensión del actual rescate con las condiciones asociadas (recortes y reformas).	
es-en.1	12	----	Greece did not want an extension of the current rescue with associated conditions (cuts and reforms).	
		----		
es-en.1	12		Greece did not want a current rescue extension with associated conditions (cuts and reforms).	s16
es-en.1	12		Greece did not want an extension of the current bailout with associated conditions (cuts and reforms).	s3
es-en.1	12		Greece did not want an extension of the current rescue with the associated conditions (cuts and reforms).	s7
es-en.1	12		Greece did not want an extension of the current bailout, with its associated conditions (cuts and reforms).	s5
es-en.1	12		Greece did not want an extension of the current rescue with its associated conditions (cuts and reforms).	s4
es-en.1	12		Greece did not want an extension of the current rescue given the associated conditions (cuts and reforms).	s6
es-en.1	12		Greece did not want an extension of the current rescue with associated conditions (cuts and reforms).	s8
es-en.1	12		Greece did not want an extension of the current bailout with the associated conditions (cuts and reforms).	s1
es-en.1	12		Greece did not want an extension of the current rescue with associated conditions (cuts and reforms).	s9
es-en.1	12		Greece did not want an extension of the current rescue with the terms listed (cuts and reforms).	s12
es-en.1	12		Greece did not want an extension of the current rescue with associated conditions (cuts and reforms).	s2
		----		
		----		
		----		
es-en.1	13	----	Y Europa quiere que Tsipras pase por el aro, para darle algo de flexibilidad una vez acepte las reglas impuestas.	
es-en.1	13	----	And Europe wants Tsipras pass through the hoop, to give some flexibility once you accept the imposed rules.	
		----		
es-en.1	13		And Europe wants Tsipras to pass through the hoop, to give some flexibility once they accept the imposed rules.	s3
es-en.1	13		And Europe wants Tsipras to pass through the hoop, to give some flexibility once the imposed rules are accepted.	s1
es-en.1	13		Europe wants Tsipras to comply by the book, to be flexible once accepting the determined regulations.	s16
es-en.1	13		And Europe wants Tsipras to agree, in order to give it some flexibility once the imposed rules are accepted.	s5
es-en.1	13		And Europe wants Tsipras to pass through the hoop, to give to it some flexibility once it accept the rules imposed.	s6
es-en.1	13		And Europe wants Tsipras to pass through the hoop, in order to give some flexibility once Greece accepts the imposed rules.	s12
es-en.1	13		And Europe wants Tsipras to jump through the hoop, to give some flexibility once he accepts the imposed rules.	s4
es-en.1	13		And Europe wants Tsipras to jump through the hoop, in order to give it some flexibility once the imposed rules are accepted.	s8
es-en.1	13		And Europe wants Tsipras to pass through the hoop, to give him some flexibility once the imposed rules are accepted.	s2
es-en.1	13		And Europe wants Tsipras to pass through the hoop, to give some flexibility once the imposed rules are accepted.	s9
es-en.1	13		And Europe wants Tsipras to pass through the hoop, to give him some flexibility once he accepts the imposed rules.	s7
		----		
		----		
		----		
es-en.1	14	----	Lo más probable, al final, es un acuerdo de compromiso, que parte de la base de la propuesta enviada por Grecia,	
es-en.1	14	----	Is likely, in the end, a compromise agreement, as part of the basis of the proposal submitted by Greece,	
		----		
es-en.1	14		Most likely, in the end, there will be a compromise agreement, as part of the base of the proposal submitted by Greece,	s3
es-en.1	14		In the end, a compromise agreement is likely, as part of the basis of the proposal submitted by Greece,	s4
es-en.1	14		A compromise agreement, is most likely to result at the end, based off of the proposal submitted by Greece,	s7
es-en.1	14		In the end, the most likely event is a compromise agreement derived from the basis of the proposal submitted by Greece,	s5
es-en.1	14		The most likely outcome, in the end, would be a compromise, as part of the basis of the proposal submitted by Greece,	s12
es-en.1	14		Most likely, in the end, it is a compromise agreement, as part of the basis of the proposal submitted by Greece,	s8
es-en.1	14		The most likely, in the end, is a compromise agreement, as part of the basis of the proposal submitted by Greece,	s9
es-en.1	14		It is most likely that, in the end, a compromise agreement, taking the proposal submitted by Greece as a starting point,	s1
es-en.1	14		The most likely, in the end, is a compromise agreement, as part of the basis of the proposal submitted by Greece,	s2
es-en.1	14		In the end, it is likely that a compromise agreement is reached, which is generated based on the proposal submitted by Greece,	s6
es-en.1	14		It is likely, in the end, that a compromise agreement, as part of the basis of the proposal be submitted by Greece,	s16
		----		
		----		
		----		
es-en.1	15	----	pero en la que el Eurogrupo incluirá las exigencias de Alemania y compañía, según las fuentes consultadas.	
es-en.1	15	----	but in which the Eurogroup will include demands for Germany and company, according to the sources consulted.	
		----		
es-en.1	15		but in which Eurogroup will include demands for Germany and company, according to the sources consulted.	s12
es-en.1	15		but in which the Eurogroup will include demands from Germany and company, according to the sources that were consulted.	s7
es-en.1	15		but in which the Eurogroup will include demands from Germany and company, according to the sources consulted.	s1
es-en.1	15		but in which the Eurogroup will include demands for Germany and company, according to the sources consulted.	s6
es-en.1	15		but in which the Eurogroup will include demands for Germany and company, according to the sources consulted.	s2
es-en.1	15		but in which Eurogroup will include demands for Germany and company, according to the sources consulted.	s3
es-en.1	15		but in which the Eurogroup will include demands from Germany and company, according to the sources consulted.	s5
es-en.1	15		but in which the Eurogroup will include demands for Germany and company, according to the sources consulted.	s8
es-en.1	15		but in which the Eurogroup will include demands for Germany and company, according to the sources consulted.	s9
es-en.1	15		in which the European Union will include demands from Germany and the other countries, according to sources .	s16
es-en.1	15		but in which the Eurogroup will include demands for Germany and company, according to the sources consulted.	s4
		----		
		----		
		----		
es-en.1	16	----	Queda negociación para rato.	
es-en.1	16	----	Bargaining is for a while.	
		----		
es-en.1	16		the bargaining remains for a time.	s9
es-en.1	16		There is still some bargaining to be done.	s8
es-en.1	16		Negotiations are currently taking place.	s7
es-en.1	16		Negotiations will still continue for a while	s6
es-en.1	16		Bargaining will continue for a while.	s5
es-en.1	16		Bargaining will last for a while.	s4
es-en.1	16		Bargaining will last for a while.	s2
es-en.1	16		Bargaining will take a while.	s3
es-en.1	16		Bargaining is still ongoing.	s16
es-en.1	16		Bargaining will still go on for a while.	s12
es-en.1	16		There is still time for negotiation.	s1
		----		
		----		
		----		
es-en.1	17	----	Y no demasiado tiempo: el programa actual acaba en febrero	
es-en.1	17	----	And not too long: the current program ends in February	
		----		
es-en.1	17		And not too long: the current program ends in February	s4
es-en.1	17		And not very much time: the current program ends in February	s8
es-en.1	17		And not too long: the current program ends in February	s12
es-en.1	17		And not too long: the current program ends in February	s9
es-en.1	17		And not too long: the current program ends in February	s2
es-en.1	17		But not too long: the current program ends in February	s16
es-en.1	17		But not for too long because the current program ends in February	s6
es-en.1	17		And not too long: the current schedule ends in February	s7
es-en.1	17		And not too long: the current program ends in February	s5
es-en.1	17		And there is not much time: the current program ends in February	s3
es-en.1	17		But not too long: the current program ends in February	s1
		----		
		----		
		----		
es-en.1	18	----	y las necesidades financieras de Grecia son inasumibles por el Estado heleno sin la ayuda de los socios europeos.	
es-en.1	18	----	and the financial needs of Greece are impractical by the Greek State without the help of its European partners.	
		----		
es-en.1	18		and the financial needs of Greece cannot be met by the Greek government without the help of its European partners.	s5
es-en.1	18		and the financial needs of Greece are insurmountable by the Greek State without the help of its European partners.	s4
es-en.1	18		and the financial needs of Greece are impractical for the Greek State without the help of its European partners.	s8
es-en.1	18		and Greece's financial trouble will be severe without help fromits European partners.	s16
es-en.1	18		and the financial needs of Greece are impractical for the Greek State without the help of its European partners.	s12
es-en.1	18		and the financial needs of Greece are impractical for the Greek State without the help of its European partners.	s2
es-en.1	18		and the financial needs of Greece are impractical by the Greek State without the help of its European partners.	s3
es-en.1	18		and the financial needs of Greece are impractical for the Greek State without the help of its European partners.	s9
es-en.1	18		it is impossible for the Greek State to assume the financial needs of Greece without the help of its European partners.	s1
es-en.1	18		and the financial needs of Greece cannot be met by the Greek State without the help of its European partners.	s7
es-en.1	18		and Greece's financial needs cannot be met by the Greek State without the help of its European partners.	s6
		----		
		----		
		----		
es-en.1	19	----	Atenas y sus bancos no tienen acceso al mercado.	
es-en.1	19	----	Athens and its banks do not have access to the market.	
		----		
es-en.1	19		Athens and its banks do not have access to the market.	s8
es-en.1	19		Athens and its banks do not have access to the market.	s5
es-en.1	19		Athens and its banks do not have access to the market.	s3
es-en.1	19		Athens and its banks do not have access to the market.	s12
es-en.1	19		Athens and its banks do not have access to the market.	s4
es-en.1	19		Athens and its financial institutions do not have access to the market.	s16
es-en.1	19		Athens and its banks do not have access to the market.	s7
es-en.1	19		Athens and its banks do not have access to the market.	s2
es-en.1	19		Athens and its banks do not have access to the market.	s9
es-en.1	19		Athens and its banks do not have access to the market.	s1
es-en.1	19		Athens and its banks do not have access to the market.	s6
		----		
		----		
		----		
es-en.1	20	----	La economía se ha parado.	
es-en.1	20	----	The economy has stopped.	
		----		
es-en.1	20		The economy has stagnated.	s16
es-en.1	20		The economy has stopped.	s7
es-en.1	20		The economy has stopped.	s5
es-en.1	20		The economy has halted.	s8
es-en.1	20		The economy has stalled.	s6
es-en.1	20		The economy has stopped.	s9
es-en.1	20		The economy has stopped.	s1
es-en.1	20		The economy has stopped.	s12
es-en.1	20		The economy has stopped.	s4
es-en.1	20		The economy has stopped.	s3
es-en.1	20		The economy has stopped.	s2
		----		
		----		
		----		
es-en.1	21	----	La huida de capitales no se detiene.	
es-en.1	21	----	Capital flight is not stopped.	
		----		
es-en.1	21		Capital flight has not stopped.	s3
es-en.1	21		Capital escape has not stopped.	s8
es-en.1	21		Capital flight has not stopped.	s2
es-en.1	21		Capital loss continues.	s6
es-en.1	21		Capital flight is not stopped.	s9
es-en.1	21		Capital flight is still ongoing.	s16
es-en.1	21		Capital flight has not stopped.	s12
es-en.1	21		Capital trading is not stopped.	s1
es-en.1	21		Capital flight is not stopped.	s4
es-en.1	21		Capitals are escaping without stopping	s7
es-en.1	21		Capital flight isn't slowing down.	s5
		----		
		----		
		----		
es-en.1	22	----	Y Atenas ni siquiera tiene ya un superávit primario (sin contar el pago de intereses) con el que presumir y negociar.	
es-en.1	22	----	And Athens has even already a primary surplus (excluding interest payments) that show off and negotiate.	
		----		
es-en.1	22		And Athens still does not have a primary surplus (excluding interest payments) with which to show off and negotiate.	s3
es-en.1	22		And Athens does not even have a primary surplus (excluding interest payments) to show for itself and negotiate with.	s7
es-en.1	22		And Athens no longer even has a primary surplus (excluding interest payments) that show and negotiate.	s8
es-en.1	22		And Athens does not even have a primary surplus (excluding interest payments) to show off and negotiate with.	s4
es-en.1	22		And Athens does not even have a primary surplus (excluding interest payments) in order to boast and negotiate.	s1
es-en.1	22		And Athens already has a primary surplus (excluding interest payments) that show off and negotiate.	s9
es-en.1	22		And Athens even already has a primary surplus (excluding interest payments) to show off and negotiate.	s2
es-en.1	22		And Athens already has a primary surplus (excluding interest payments) with which to show off and negotiate.	s5
es-en.1	22		Athens doesn not even have a primary surplus (excluding interest payments) to show and to negotiate with.	s16
es-en.1	22		And Athens does not even have a primary surplus (excluding interest payments) with which it can show off and negotiate.	s6
es-en.1	22		And Athens does not even have a primary surplus (excluding interest payments) to use to show off and negotiate.	s12
		----		
		----		
		----		
es-en.1	23	----	La petición griega será examinada este jueves por el grupo de trabajo del Eurogrupo	
es-en.1	23	----	The Greek request will be examined Thursday by the Eurogroup working group	
		----		
es-en.1	23		The Greek request will be examined this Thursday by the Eurogroup working group	s7
es-en.1	23		The Greek request will be examined Thursday by the Eurogroup working group	s4
es-en.1	23		The Greek request will be examined this Thursday by the Eurogroup working group	s2
es-en.1	23		The Greek request will be examined Thursday by the Eurogroup working group	s3
es-en.1	23		The Greek request will be examined Thursday by the Eurogroup Working Group	s8
es-en.1	23		The Greek request will be examined Thursday by the European Union's workers union	s16
es-en.1	23		The Greek petition will be examined Thursday by the Eurogroup working group	s12
es-en.1	23		The Greek request will be examined Thursday by the Eurogroup working group	s6
es-en.1	23		The Greek request will be examined Thursday by the Eurogroup team	s5
es-en.1	23		The Greek request will be examined this Thursday by the working Eurogroup.	s1
es-en.1	23		The Greek request will be examined Thursday by the Eurogroup working group	s9
		----		
		----		
		----		
es-en.1	24	----	y mañana viernes por los ministros de la zona euro (Eurogrupo), según ha confirmado también Dijsselbloem en Twitter.	
es-en.1	24	----	and Friday morning by the Ministers of the zone euro (Eurogroup), as also confirmed by Dijsselbloem on Twitter.	
		----		
es-en.1	24		and Friday morning by the Ministers of the euro zone (Eurogroup), as confirmed by Dijsselbloem on Twitter as well.	s8
es-en.1	24		and Friday morning by the Ministers of the euro zone (Eurogroup), as also confirmed by Dijsselbloem on Twitter.	s12
es-en.1	24		as well as Friday morning by the Ministers of the Eurozone (European Union), as Dijsselbloem confirmed  on Twitter.	s16
es-en.1	24		and Friday morning by the Ministers of the euro zone (Eurogroup), as also confirmed by Dijsselbloem on Twitter.	s9
es-en.1	24		and tomorrow, Friday, by the Ministers of the euro zone (Eurogroup), as also confirmed by Dijsselbloem on Twitter.	s1
es-en.1	24		and Friday morning by the Ministers of the euro area (Eurogroup), as also confirmed by Dijsselbloem on Twitter.	s3
es-en.1	24		and Friday morning by the Ministers of the euro zone (Eurogroup), as confirmed also by Dijsselbloem on Twitter.	s2
es-en.1	24		and Friday morning by the Ministers of the zone euro (Eurogroup), as it was confirmed by Dijsselbloem on Twitter.	s6
es-en.1	24		and Friday morning by the Ministers of the Euro zone (Eurogroup), as also confirmed by Dijsselbloem on Twitter.	s4
es-en.1	24		and Friday morning by the Ministers of the euro zone (Eurogroup), which was also confirmed by Dijsselbloem on Twitter.	s5
es-en.1	24		and on Friday  by the Ministers of the euro zone (Eurogroup), as has been confirmed by Dijsselbloem on Twitter.	s7
		----		
		----		
		----		
es-en.1	25	----	El BCE dio anoche un empujón a Atenas, con la ampliación de las líneas de liquidez de emergencia.	
es-en.1	25	----	The ECB last night gave a boost to Athens, with the extension of the emergency liquidity lines.	
		----		
es-en.1	25		Last night the ECB gave a boost to Athens, with the extension of the emergency liquidity lines.	s4
es-en.1	25		The ECB gave a boost to Athens last night, with the extension of the emergency liquidity lines.	s2
es-en.1	25		Last night the ECB gave a boost to Athens, with the extension of the emergency liquidity lines.	s3
es-en.1	25		The ECB gave a boost to Athens last night, with the extension of the emergency liquidity lines.	s9
es-en.1	25		The ECB gave a boost to Athens last night, with the extension of the emergency liquidity lines.	s8
es-en.1	25		The ECB last night gave a Athens financial boost  extending the emergency liquidity lines.	s16
es-en.1	25		The ECB last night gave a boost to Athens, with the extension of the emergency liquidation lines.	s1
es-en.1	25		Last night the ECB gave a boost to Athens, with the extension of the emergency liquidity lines.	s5
es-en.1	25		The ECB last night gave a boost to Athens, with the extension of the emergency liquidity lines.	s12
es-en.1	25		Last night ECB  gave a boost to Athens, with the extension of the emergency liquidity lines.	s6
es-en.1	25		The ECB last night gave a boost to Athens with the extension of the emergency liquidity lines.	s7
		----		
		----		
		----		
es-en.2	0	----	La oferta de Tsipras y Varoufakis, si es aceptada por el Eurogrupo, daría un espaldarazo a la maltrecha economía, a las finanzas y a los mercados en Grecia.	
es-en.2	0	----	Tsipras and Varoufakis, offer if it is accepted by the Eurogroup, would give a boost to the ailing economy, finances and markets in Greece.	
		----		
es-en.2	0		Tsipras and Varoufakis' offer, if it is accepted by the Eurogroup, would give a boost to the ailing economy, finances and markets in Greece.	s4
es-en.2	0		If it is accepted by the Eurogroup, the Tsipras and Varoufakis offer would give a boost to the ailing economy, finances, and markets in Greece.	s7
es-en.2	0		If the offer made by Tsipras and Varoufakis is accepted by Eurogroup, it would give a boost to the ailing economy, finances and markets in Greece.	s6
es-en.2	0		The offer from Tsipras and Varoufakis, if accepted by the Eurogroup, would give a boost to the ailing economy, finances and markets in Greece.	s2
es-en.2	0		Tsipras and Varoufakis' offer, if accepted by Eurogroup, would give a boost to the ailing economy, finances, and markets in Greece.	s8
es-en.2	0		Tsipras and Varoufakis' offer, if it is accepted by the Eurogroup, would give a boost to the ailing economy, finances and markets in Greece.	s12
es-en.2	0		Tsipras and Varoufakis' offer, if it is accepted by the Eurogroup, would give a boost to the ailing economy, finances and markets in Greece.	s9
es-en.2	0		Tsipras'' and Varoufakis offer, if accepted by the European Union, would help the ailing economy, financial situation and markets in Greece.	s16
es-en.2	0		Tsipras and Varoufakis' offer, if accepted by the Eurogroup, would give a boost to the ailing economy, finances, and markets in Greece.	s5
es-en.2	0		Tsipras and Varoufakis' offer, if it is accepted by the Eurogroup, would give a boost to the ailing economy, finances and markets in Greece.	s3
es-en.2	0		Tsipras and Varoufakis' offer, if it is accepted by the Eurogroup, would give a boost to the ailing economy, finances and markets in Greece.	s1
		----		
		----		
		----		
es-en.2	1	----	La primera reacción del mercado no se ha hecho esperar: caída de la prima de riesgo y subida inmediata del euro.	
es-en.2	1	----	The first reaction of the market did not expect: drop the premium risk and immediate ascent of the euro.	
		----		
es-en.2	1		The market's first reaction was not expected: a fall of the premium risk and immediate ascent of the euro.	s9
es-en.2	1		The first reaction of the market was sudden: a drop in the premium risk and the immediate rise of the euro.	s7
es-en.2	1		The first reaction of the market was unexpected: a drop in premium risks and an immediate increase in the euro.	s5
es-en.2	1		The first reaction of the market was unexpected: the drop of the premium risk and immediate ascent of the euro.	s2
es-en.2	1		The first reaction of the market was not expected: a drop in the premium risk and immediate increase of the euro.	s12
es-en.2	1		The first market reaction was not expected: a drop of the premium risk and an immediate ascent of the euro.	s8
es-en.2	1		The first reaction by the market came soon: the premium risk and immediate raise of the price of euro.	s6
es-en.2	1		The first reaction of the market happened quickly: the risk premium dropped and an immediate climb of the euro was seen.	s1
es-en.2	1		The first market reaction was unexpected: a decrease in premium risk and immediate increase of the euro.	s16
es-en.2	1		The first reaction of the market was not expected: a drop in the premium risk and the immediate ascent of the euro.	s3
es-en.2	1		The first reaction of the market was not expected; there was a drop in the risk premium and an immediate ascent in the euro.	s4
		----		
		----		
		----		
es-en.2	2	----	Aunque los mercados descuentan el acuerdo desde hace días, a pesar del cruce de declaraciones cada vez más subidas de tono por ambos bandos.	
es-en.2	2	----	Although the markets discounted the agreement for days, despite crossing the statements more and more racy by both sides.	
		----		
es-en.2	2		The markets discounted the agreement for days, despite the statements by both sides that became more and more harsh.	s4
es-en.2	2		Although the markets discounted the agreement for days, despite the cross statements being more and more racy by both sides.	s3
es-en.2	2		However, the markets had been discounting the agreement for days, despite the exchange of increasingly heated statements from both sides.	s5
es-en.2	2		Markets discounted the agreement for several days now, despite the  exchange of increasingly racy exchanges by both ends.	s6
es-en.2	2		Although the markets discredited the agreement days ago, despite the exchange of increasingly heated statements coming from both sides.	s7
es-en.2	2		Although the markets discounted the agreement for days, the statements became more and more racy by both sides.	s2
es-en.2	2		although discounting the agreement for days and despite increasingly harsher arguments on both sides.	s16
es-en.2	2		Although the markets discounted the agreement days ago, despite the crossing of statements more and more the tone rises on both sides.	s1
es-en.2	2		Although the markets discounted the agreement days ago, despite crossing the statements more and more by both sides.	s8
es-en.2	2		Although, the markets discounted the agreement days ago, despite crossing the statements more and more racy by both sides.	s9
es-en.2	2		Although the markets discounted the agreement for days, despite the fact that statements were more and more loud by both sides.	s12
		----		
		----		
		----		
es-en.2	3	----	El Gobierno de Alexis Tsipras ha optado por un acuerdo “puente de deuda” para capear los próximos seis meses	
es-en.2	3	----	The Government of Alexis Tsipras has opted for a "debt bridge" agreement to weather the coming six months	
		----		
es-en.2	3		The Government of Alexis Tsipras has opted for a "debt bridge" agreement to weather the next six months	s4
es-en.2	3		Alexis Tsipras government has opted for a "debt bridge" agreement to weather the next six months	s6
es-en.2	3		The Government of Alexis Tsipras has opted for a "debt bridge" agreement to weather the coming six months	s1
es-en.2	3		The Government of Alexis Tsipras has opted for a "debt bridge" agreement to weather the next six months	s8
es-en.2	3		The Government of Alexis Tsipras has opted for a "debt bridge" agreement to weather the coming six months	s2
es-en.2	3		The Government of Alexis Tsipras has opted for a "debt bridge" agreement to weather the next six months	s9
es-en.2	3		The Government of Alexis Tsipras has opted for a "debt bridge" agreement to weather the coming six months	s5
es-en.2	3		The Tsirapas Administration has opted for a "debt bridge" agreement to survive the coming six months	s16
es-en.2	3		The Government of Alexis Tsipras has opted for a "debt bridge" agreement to weather the coming six months	s7
es-en.2	3		The Government of Alexis Tsipras has opted for a "debt bridge" agreement to weather the coming six months	s12
es-en.2	3		The Government of Alexis Tsipras has opted for a "debt bridge" agreement to weather the upcoming six months	s3
		----		
		----		
		----		
es-en.2	4	----	—hasta negociar un nuevo rescate— cumpliendo el grueso de los compromisos adquiridos,	
es-en.2	4	----	-to negotiate a new rescue - serving the bulk of commitments,	
		----		
es-en.2	4		-to negotiate a new rescue - serving the bulk of commitments,	s2
es-en.2	4		- even negotiating a new bailout - meeting the bulk of the acquired commitments,	s5
es-en.2	4		-until a new bailout is negotiated - serving the bulk of necessary commitments,	s1
es-en.2	4		-to negotiate a new rescue - serving the bulk of commitments,	s12
es-en.2	4		-to negotiate a new rescue - serving the majority of commitments,	s16
es-en.2	4		--until a new rescue is negociated-- complying with all of the commitments,	s6
es-en.2	4		-to negotiate a new rescue - fulfilling the bulk of the commitments,	s7
es-en.2	4		-even negotiating a new rescue - serving the bulk of commitments,	s4
es-en.2	4		-to negotiate a new rescue - serving the bulk of commitments,	s9
es-en.2	4		-to negotiate a new bailout - serving the bulk of the acquired commitments,	s3
es-en.2	4		-until negotiating a new rescue - serving the bulk of commitments,	s8
		----		
		----		
		----		
es-en.2	5	----	pero dejando de lado otros por la dramática crisis que atraviesa el país.	
es-en.2	5	----	but leaving aside others by the dramatic crisis affecting the country.	
		----		
es-en.2	5		but leaving aside other commitments for the dramatic crisis affecting the country.	s12
es-en.2	5		but leaving aside others by the dramatic crisis affecting the country.	s9
es-en.2	5		but leaving others aside due to the dramatic crisis affecting the country.	s7
es-en.2	5		but leaving aside others by the dramatic crisis affecting the country.	s2
es-en.2	5		but leaving others aside due to the dramatic crisis that the country is going through.	s6
es-en.2	5		but leaving aside others because of the dramatic crisis affecting the country.	s5
es-en.2	5		but leaving aside others in the dramatic crisis that is affecting the country.	s4
es-en.2	5		but leaving aside others for the dramatic crisis affecting the country.	s3
es-en.2	5		but leaving behind others due to the dramatic crisis affecting the country.	s1
es-en.2	5		but leaving others aside in the dramatic crisis affecting the country.	s8
es-en.2	5		but ignoring others by the dramatic crisis affecting the country.	s16
		----		
		----		
		----		
es-en.2	6	----	Atenas, consciente de que carece de apoyos, dio este miércoles una dosis de inesperada transparencia	
es-en.2	6	----	Athens, aware that it lacks of support, gave Wednesday a dose of unexpected transparency	
		----		
es-en.2	6		Athens, aware that it lacks support, gave a dose of unexpected transparency on Wednesday	s12
es-en.2	6		Athens, aware that it lacks of support, gave a dose of unexpected transparency on Wednesday	s4
es-en.2	6		Athens, aware of its lack of support, gave a dose of unexpected transparency Wednesday	s5
es-en.2	6		Athens, aware that it lacks support, this Wednesday showed a dose of unexpected transparency	s1
es-en.2	6		Athens, aware of its lack of support, showed this past Wednesday a dose of unexpected transparency	s6
es-en.2	6		Athens, aware that it lacks of support, gave a dose of unexpected transparency on Wednesday	s9
es-en.2	6		Athens, aware that it lacks support, gave a dose of unexpected transparency on Wednesday	s2
es-en.2	6		Athens, aware of its lack of support, was unexpectedly transparent on Wednesday	s16
es-en.2	6		Athens, aware that it lacks support, gave  a dose of unexpected transparency on Wednesday	s7
es-en.2	6		Athens, aware that it lacks support, gave a dose of unexpected transparency on Wednesday	s3
es-en.2	6		Athens, aware that it lacks support, gave a dose of unexpected transparency this Wednesday	s8
		----		
		----		
		----		
es-en.2	7	----	y su ministro de Finanzas, Yanis Varoufakis, publicó un jugoso paquete de documentos en los que detalla sus peticiones.	
es-en.2	7	----	and his Minister of finance, Yanis Varoufakis, published a juicy package of documents detailing their demands.	
		----		
es-en.2	7		and the Minister of Finance, Yanis Varoufakis, published a juicy package of documents detailing their requests.	s12
es-en.2	7		and the Minister of Finance, Yanis Varoufakis, published a juicy package of documents detailing his demands.	s2
es-en.2	7		and the city's Minister of finance, Yanis Varoufakis, published a hefty package of documents detailing their demands.	s8
es-en.2	7		and his Minister of finance, Yanis Varoufakis, published a juicy package of documents detailing their demands.	s9
es-en.2	7		and its Minister of Finance, Yanis Varoufakis, published a sizable package of documents detailing their demands.	s5
es-en.2	7		and its Minister of finance, Yanis Varoufakis, published a juicy package of documents detailing their demands.	s3
es-en.2	7		and its Minister of Finance, Yanis Varoufakis, published a juicy package of documents detailing their demands.	s7
es-en.2	7		and its Minister of finance, Yanis Varoufakis, published a large package of documents detailing their demands.	s1
es-en.2	7		and itsMinister of Finance, Yanis Varoufakis, published many documents that outlined its demands.	s16
es-en.2	7		and its Minister of finance, Yanis Varoufakis, published an considerable stack of documents detailing its demands.	s6
es-en.2	7		and its Minister of finance, Yanis Varoufakis, published a juicy package of documents detailing their demands.	s4
		----		
		----		
		----		
es-en.2	8	----	Sobre todo, concreta algunas de sus concesiones a los socios en aras de un acuerdo.	
es-en.2	8	----	Above all, specific some of its concessions to members for the sake of an agreement.	
		----		
es-en.2	8		Above all, it specifies some of its concessions to its members through an agreement.	s7
es-en.2	8		Above all, some  concessions to members were specified for the sake of an agreement.	s16
es-en.2	8		Above all, it specifies some of its concessions to members for the sake of an agreement.	s2
es-en.2	8		Above all, it specificies some of their concessions to members for the sake of an agreement.	s12
es-en.2	8		Above all, specific some of its concessions to members for the sake of an agreement.	s9
es-en.2	8		It mainly lists in detail some of its concessions with members for the sake of an agreement.	s6
es-en.2	8		Above all, it specifies some of its concessions to members for the sake of an agreement.	s5
es-en.2	8		Above all, it clarifies some of its concessions to members for the sake of an agreement.	s8
es-en.2	8		Above all, it specifies some of its concessions to members for the sake of an agreement.	s4
es-en.2	8		Above all, it specifies some of his concessions to members for the sake of an agreement.	s1
es-en.2	8		Above all, it specified some of its concessions to members for the sake of an agreement.	s3
		----		
		----		
		----		
es-en.2	9	----	Varoufakis replicó así el aluvión de críticas en varias capitales, que han acusado una y otra vez a Atenas de no especificar su oferta.	
es-en.2	9	----	Varoufakis, so said the barrage of criticism in several capitals, which have accused Athens of not specifying its offer again and again.	
		----		
es-en.2	9		Varoufakis, replied to the barrage of criticism in several capitals, which have accused Athens again and again of not specifying its offer.	s4
es-en.2	9		Varoufakis insisted in all the criticism which blames Athens of not being specific about their offer in several capitals	s6
es-en.2	9		Varoufakis, replicated the barrage of criticism in several capitals in this fashion, which have accused Athens of not specifying its offer again and again.	s7
es-en.2	9		Varoufakis, responded to the barrage of criticism in several capitals, which have accused Athens of not specifying its offer again and again.	s1
es-en.2	9		This is how Varoufakis replicated the barrage of criticism in several capitals, which have accused Athens of not specifying its offer time and again.	s8
es-en.2	9		Varoufakis, replied to the barrage of criticism in several capitals, which have accused Athens of not specifying its offer again and again.	s3
es-en.2	9		Varoufakis, said the barrage of criticism in several capitals, which have accused Athens of not specifying its offer again and again.	s9
es-en.2	9		Varoufakis thus replied to the barrage of criticism from several capitals, which have accused Athens of not specifying its offer again and again.	s5
es-en.2	9		Varoufakis so said the barrage of criticism in several capitals, which have accused Athens again and again of not specifying its offer.	s12
es-en.2	9		Varoufakis responding to the wave of criticism in several capitals, which have accused Athens of not specifying its offer again and again.	s16
es-en.2	9		Varoufakis replied to the barrage of criticism in several capitals, which have accused Athens of not specifying its offer again and again.	s2
		----		
		----		
		----		
es-en.2	10	----	Grecia necesita este año 17.000 millones para pagar a sus acreedores, y la incipiente recesión,	
es-en.2	10	----	Greece needs 17 billion this year to pay its creditors, and the incipient recession,	
		----		
es-en.2	10		Greece needs 17 billion this year to pay off its creditors, and the looming debt,	s16
es-en.2	10		Greece needs 17 million this year to pay off its creditors, and the incipient recession,	s7
es-en.2	10		Greece needs 17 billion to pay its creditors this year, and the incipient recession,	s8
es-en.2	10		Greece needs 17 billion this year to pay its creditors, and the incipient recession,	s1
es-en.2	10		Greece needs 17 billion this year to pay its creditors, and the incipient recession,	s2
es-en.2	10		Greece needs 17 billion this year to pay its creditors, and the incipient recession,	s6
es-en.2	10		Greece needs 17 billion this year to pay its creditors, and the incipient recession,	s9
es-en.2	10		Greece needs 17 billion this year to pay its creditors, and the incipient recession,	s4
es-en.2	10		Greece needs 17 billion this year to pay its creditors, and the incipient recession,	s5
es-en.2	10		Greece needs 17 billion this year to pay its creditors, and the incipient recession,	s12
es-en.2	10		Greece needs 17 billion this year to pay its creditors, and the incipient recession,	s3
		----		
		----		
		----		
es-en.2	11	----	la caída de los ingresos públicos y las aperturas en la banca reducen su margen de maniobra.	
es-en.2	11	----	falling government revenues and openings in banking reduce its room for manoeuvre.	
		----		
es-en.2	11		falling government revenues and openings in banking reduce its room for manoeuvre.	s4
es-en.2	11		falling government revenues and openings in banking reduce its room for manoeuvre.	s3
es-en.2	11		the falling government revenues, and openings in banking reduce its room for manoeuvre.	s8
es-en.2	11		falling government revenues and openings in banking reduce its room for manoeuvre.	s2
es-en.2	11		the decrease in government revenue, and openings in banking reduce the posibility to manage the situation	s6
es-en.2	11		decreasing government revenues and banking deficiencies  reducing maneuverability.	s16
es-en.2	11		falling government revenues and openings in banking reduce room for manoeuvre.	s12
es-en.2	11		falling government revenues and openings in banking reduce its room for manoeuvre.	s1
es-en.2	11		falling government revenues and openings in banking reduce its room for manoeuvre.	s9
es-en.2	11		falling government revenues and openings in the banking system reduce its room for manoeuvre.	s5
es-en.2	11		the fall in government revenues and openings in banking limit its room to operate.	s7
		----		
		----		
		----		
es-en.2	12	----	Según la declaración de intenciones de Varoufakis, Atenas pide "un acuerdo puente" y a cambio asegura que pagará religiosamente	
es-en.2	12	----	According to the Declaration of intent of Varoufakis, Athens calls "bridge agreement" and in return ensures that it will pay religiously	
		----		
es-en.2	12		According to the Declaration of intent by Varoufakis, Athens is demanding a "bridge agreement" and in return, it ensures that it will pay thoroughly	s6
es-en.2	12		According to Varoufakis' Declaration of intent, Athens requests a "bridge agreement" and in return ensures that it will pay faithfully	s4
es-en.2	12		According to Varoufakis' delcaration of his intentions, Athens calls for a "bridge agreement" and in return ensures that it will pay religiously	s3
es-en.2	12		According to the Declaration of intent of Varoufakis, Athens calls for a "bridge agreement" and in return ensures that it will pay religiously	s7
es-en.2	12		According to Varoufakis' Letter of Intent, Athens requests a "bridge agreement" and in return ensures that it will pay diligently,	s16
es-en.2	12		According to the Declaration of intent from Varoufakis, Athens calls for a "bridge agreement" and in return ensures that it will pay faithfully	s1
es-en.2	12		According to the declaration of intent of Varoufakis, Athens calls for a "bridge agreement" and in return ensures that it will pay religiously	s12
es-en.2	12		According to Varoufakis's Declaration of Intent, Athens calls for a "bridge agreement," and in return ensures that it will pay religiously	s8
es-en.2	12		According to Varoufakis' declaration of intent, Athens calls for a "bridge agreement" and in return ensures that it will pay regularly	s9
es-en.2	12		According to Varoufakis' declaration of intentions, Athens calls for a "bridge agreement" and in return promises that it will pay religiously	s5
es-en.2	12		According to the declaration of intent of Varoufakis, Athens asks for a "bridge agreement" and in return ensures that it will pay religiously	s2
		----		
		----		
		----		
es-en.2	13	----	y que hará reformas y recortes, pero a un ritmo menos sangrante para todos.	
es-en.2	13	----	and that will make reforms and cuts, but at a less bloody pace for all.	
		----		
es-en.2	13		and that it will make reforms and cuts, but at a less bloody pace for all.	s12
es-en.2	13		and that will make reforms and cuts, but at a less difficuly pace for all.	s6
es-en.2	13		and will make reforms and cuts, but at a pace less bloody for all.	s8
es-en.2	13		making reforms and cuts, and paying faster for the sake of everyone.	s16
es-en.2	13		and that it will make reforms and cuts, but at a less rapid pace for all.	s1
es-en.2	13		and that will make reforms and cuts, but at a less bloody pace for all involved.	s4
es-en.2	13		and that will make reforms and cuts, but at a less bloody pace for all.	s7
es-en.2	13		and that it will carry out reforms and cuts, but at a less violent pace for everyone.	s5
es-en.2	13		and that it will make reforms and cuts, but at a less bloody pace for all.	s3
es-en.2	13		and that it will make reforms and cuts, but at a less bloody pace for all.	s2
es-en.2	13		and that will make reforms and cuts, but at a less bloody pace for all.	s9
		----		
		----		
		----		
es-en.2	14	----	El Gobierno griego pide 1.900 millones procedentes de los beneficios obtenidos con la compra de deuda griega por parte del BCE.	
es-en.2	14	----	The Greek Government asked 1,900 million from the profits gained from the purchase of Greek debt by the ECB.	
		----		
es-en.2	14		The Greek Government asked 1,900 million from the profits gained from the purchase of Greek debt by the ECB.	s6
es-en.2	14		The Greek Government asked for 1.9 billion from the profits gained from the purchase of Greek debt by the ECB.	s1
es-en.2	14		The Greek Government asked 1,900 million from the profits gained from the Greek debt purchase done by the ECB.	s16
es-en.2	14		The Greek Government is asking for 1,900 million from the profits gained from the purchase of Greek debt on behalf of the ECB.	s7
es-en.2	14		The Greek Government asked for 1,900 million from the profits gained from the purchase of Greek debt by the ECB.	s8
es-en.2	14		The Greek Government asked for 1.9 billion from the profits gained from the purchase of Greek debt by the ECB.	s4
es-en.2	14		The Greek government asked for 1,900 million from the profits gained from the purchase of Greek debt by the ECB.	s2
es-en.2	14		The Greek Government asked for 1,900 million from the profits gained from the purchase of Greek debt by the ECB.	s9
es-en.2	14		The Greek government is asking for 1.9 billion from the profits gained from the purchase of Greek debt by the ECB.	s5
es-en.2	14		The Greek Government asked for 1,900 million from the profits gained from the purchase of Greek debt by the ECB.	s3
es-en.2	14		The Greek Government asked for 1,900 million from the profits gained from the purchase of Greek debt by the ECB.	s12
		----		
		----		
		----		
es-en.2	15	----	También reclama un fondo de 11.000 millones para estabilizar sus bancos.	
es-en.2	15	----	It also claims a 11 billion Fund to stabilize their banks.	
		----		
es-en.2	15		It is also claiming a sum of 11 billion  to stabilize its banks.	s7
es-en.2	15		It also claims an 11 billion fund to stabilize their banks.	s8
es-en.2	15		It also claims a 11 billion Fund to stabilize their banks.	s3
es-en.2	15		It also claims an 11 billion Fund to stabilize their banks.	s1
es-en.2	15		It also claims a 11 billion Fund to stabilize their banks.	s6
es-en.2	15		It also requests a fund of 11 billion to stabilize its banks.	s4
es-en.2	15		It also claims a 11 billion fund to stabilize their banks.	s9
es-en.2	15		It also claims a fund of 11 billion  to stabilize their finances.	s16
es-en.2	15		It also claims an 11 billion fund to stabilize its banks.	s5
es-en.2	15		It also claims a fund of 11 billion to stabilize its banks.	s2
es-en.2	15		It also claims an 11 billion fund to stabilize their banks.	s12
		----		
		----		
		----		
es-en.2	16	----	Y exige que se permita a sus entidades ampliar el límite de bonos del Tesoro que pueden adquirir.	
es-en.2	16	----	And it calls for allowing their institutions extend the limit of Treasury bills that can be purchased.	
		----		
es-en.2	16		And it calls for allowing their institutions to extend the limit of Treasury bills that can be purchased.	s7
es-en.2	16		And it calls for allowing their institutions to extend the limit of Treasury bills that can be purchased.	s12
es-en.2	16		And it calls for allowing their institutions extend the limit of Treasury bills that can be purchased.	s9
es-en.2	16		And it calls for allowing its institutions to extend the limit on the Treasury bills that can be purchased.	s5
es-en.2	16		And it calls for an allowance by their institutions to extend the limit of Treasury bills that can be purchased.	s3
es-en.2	16		And it calls for allowing their institutions to extend the limit of Treasury bills that can be purchased.	s1
es-en.2	16		It also demands that their institutions recieve an extension on the limit of treasury bills that can be purchased.	s8
es-en.2	16		calling for the allowance of their institutions to extend theTreasury bill deadlines that can be paid.	s16
es-en.2	16		And it calls for allowing its institutions extend the limit of Treasury bills that can be purchased.	s2
es-en.2	16		And it calls for allowing its institutions to extend the limit of Treasury bills that can be purchased.	s4
es-en.2	16		And it calls for allowing their institutions to extend the limit of Treasury bills that can be purchased.	s6
		----		
		----		
		----		
es-en.2	17	----	En contraprestación, se compromete a perseverar en las reformas (que sigue sin detallar lo suficiente),	
es-en.2	17	----	In consideration, undertakes to persevere in reforms (which is still detailed enough),	
		----		
es-en.2	17		In consideration, it undertakes to persevere in reforms (which still is not detailed enough),	s3
es-en.2	17		In consideration, it undertakes to persevere in reforms (which is still detailed enough),	s9
es-en.2	17		To balance this out, it promises to persevere in reforms (which still lacks sufficient detail),	s1
es-en.2	17		In consideration, it commits to persevere in reforms (which is not still detailed enough),	s6
es-en.2	17		In consideration, Greece will intend to initiate reforms (detailed enough),	s16
es-en.2	17		In consideration, it promises to persevere in its reforms (which continue without being sufficiently detailed),	s5
es-en.2	17		After consideration, they agree to persevere in reforms (which still does not detail enough),	s12
es-en.2	17		In consideration, it promises to persevere for reforms (which continue to not be specified),	s7
es-en.2	17		In consideration, it agrees to persevere in reforms (which is still detailed enough),	s8
es-en.2	17		In consideration, it undertakes to persevere in reforms (still without sufficient details),	s2
es-en.2	17		In consideration, it undertakes to persevere in reforms (which is still not detailed enough),	s4
		----		
		----		
		----		
es-en.2	18	----	promete acabar con los grupos de interés y dice que aprobará medidas contra la corrupción y la evasión fiscal.	
es-en.2	18	----	It promises to do away with interest groups and says it will adopt measures against corruption and tax evasion.	
		----		
es-en.2	18		It promises to do away with interest groups and says it will adopt measures against corruption and tax evasion.	s8
es-en.2	18		it promises to do away with interest groups and says it will adopt measures against corruption and tax evasion.	s4
es-en.2	18		It promises to do away with interest groups and says it will adopt measures against corruption and tax evasion.	s6
es-en.2	18		Greece promises to pay off the interest groups and states that it will establish measures against corruption and tax evasion.	s16
es-en.2	18		It promises to do away with interest groups and says it will adopt measures against corruption and tax evasion.	s7
es-en.2	18		It promises to do away with interest groups and says it will adopt measures against corruption and tax evasion.	s5
es-en.2	18		It promises to do away with interest groups and says it will adopt measures against corruption and tax evasion.	s9
es-en.2	18		It promises to do away with interest groups and says it will adopt measures against corruption and tax evasion.	s3
es-en.2	18		promises to do away with interest groups and says it will adopt measures against corruption and tax evasion.	s2
es-en.2	18		It promises to do away with interest groups and says it will adopt measures against corruption and tax evasion.	s12
es-en.2	18		It promises to do away with interest groups and says it will adopt measures against corruption and tax evasion.	s1
		----		
		----		
		----		
es-en.2	19	----	También pide algo de árnica —gasto social para los problemas más acuciantes— e impone varias líneas rojas.	
es-en.2	19	----	It also asks some arnica - social expenditure for the most pressing problems - and imposes several red lines.	
		----		
es-en.2	19		It also asks some arnica - social expenditure for the most pressing problems - and imposes several red lines.	s6
es-en.2	19		It also asks some arnica - social expenditure for the most pressing problems - and imposes a considerable amount of red tape	s7
es-en.2	19		It also asks for arnica - social expenditure for the most pressing problems - and imposes several guidelines.	s4
es-en.2	19		It also petitions for some arnica - social expenditure for the most pressing problems - and imposes several red lines.	s1
es-en.2	19		It also asks for some arnica - social expenditure for the most pressing problems - and imposes several red lines.	s5
es-en.2	19		It also asks some arnica - social expenditure for the most pressing problems - and imposes several red lines.	s12
es-en.2	19		It also asks for some type of arnica - social expenditure for the most pressing problems - and imposes several red lines.	s8
es-en.2	19		It also asks for arnica - social expenditure for the most pressing problems - and imposes several red lines.	s2
es-en.2	19		It also asks some arnica - social expenditure for the most pressing problems - and imposes several red lines.	s9
es-en.2	19		Greece will also request some arnica - social expenditure for the most severe issues - and will impose several red lines.	s16
es-en.2	19		It also asks some arnica - social expenditure for the most pressing problems - and imposes several red lines.	s3
		----		
		----		
		----		
es-en.2	20	----	No a recortar pensiones.	
es-en.2	20	----	Not to cut pensions.	
		----		
es-en.2	20		No to cutting pensions	s7
es-en.2	20		To not cut pensions.	s1
es-en.2	20		Not to cut pensions.	s16
es-en.2	20		Not to cut pensions.	s2
es-en.2	20		To not cut pensions.	s3
es-en.2	20		Not to cut pensions.	s4
es-en.2	20		Not to cut pensions.	s6
es-en.2	20		No to cutting pensions.	s5
es-en.2	20		Not to cut pensions.	s9
es-en.2	20		No to cuting pensions.	s12
es-en.2	20		Not to cut pensions.	s8
		----		
		----		
		----		
es-en.2	21	----	No a subir el IVA.	
es-en.2	21	----	Not to raise VAT.	
		----		
es-en.2	21		Not to raise VAT.	s16
es-en.2	21		Not to raise VAT.	s4
es-en.2	21		Not to raise the VAT.	s8
es-en.2	21		Not to raise VAT.	s2
es-en.2	21		Not to raise VAT.	s6
es-en.2	21		No to raising the VAT.	s5
es-en.2	21		Not to raise VAT.	s9
es-en.2	21		To not raise VAT.	s3
es-en.2	21		No to raising VAT.	s12
es-en.2	21		To not raise VAT.	s1
es-en.2	21		No to raising the.	s7
		----		
		----		
		----		
es-en.2	22	----	No a los desahucios.	
es-en.2	22	----	Not to the evictions.	
		----		
es-en.2	22		Not to evict.	s16
es-en.2	22		Not to carry out evictions.	s4
es-en.2	22		To not have evictions.	s3
es-en.2	22		No to evictions.	s8
es-en.2	22		To not allow the evictions.	s1
es-en.2	22		No to evictions.	s12
es-en.2	22		Not the evictions.	s9
es-en.2	22		No to evictions.	s5
es-en.2	22		Not to evictions.	s7
es-en.2	22		No evictions.	s2
es-en.2	22		Not to the evictions.	s6
		----		
		----		
		----		
es-en.2	23	----	No al programa de privatizaciones a toda velocidad que quería la troika.	
es-en.2	23	----	No to the privatization programme at full speed I wanted to the troika.	
		----		
es-en.2	23		No to the privatization programme at full speed wanted by the troika.	s2
es-en.2	23		No to the privatization programme at full speed that troika wanted.	s12
es-en.2	23		No to the privatization programme at full speed that the troika wanted.	s4
es-en.2	23		No to the privatization programme at full speed that the troika wanted	s7
es-en.2	23		To fully veto the privatization program the troika wanted.	s16
es-en.2	23		No to the privatization programme at full speed that the troika wanted.	s9
es-en.2	23		No to the full-speed privatization programme wanted by the troika.	s5
es-en.2	23		No to the privatization programme at full speed that troika intended.	s6
es-en.2	23		No to the privatization programme at full speed that troika wanted.	s1
es-en.2	23		To not have the privatization programme at the full speed that the troika wanted.	s3
es-en.2	23		No to the privatization programme at full speed wanted by troika.	s8
		----		
		----		
		----		
es-en.2	24	----	No a superávits fiscales irrealizables. Y no a la extensión del actual programa y a la exigencia de completarlo con éxito.	
es-en.2	24	----	Not to the unworkable fiscal surpluses. And no to the extension of the current program and the requirement of successful completion of it.	
		----		
es-en.2	24		No unworkable fiscal surpluses. And no extension of the current program and the requirement to successfully complete it.	s2
es-en.2	24		To stop working toward unreasonable fiscal surpluses and to no longer extend current program and the requirement to complete it successfully.	s16
es-en.2	24		No to the unworkable fiscal surpluses. And no to the extension of the current programme and the requirement of successful completion of it.	s1
es-en.2	24		No to the unworkable fiscal surpluses. And no to the extension of the current program and the requirement of successful completion of it.	s12
es-en.2	24		Not to the unworkable fiscal surpluses. And no to the extension of the current program and the requirement of successful completion of it.	s9
es-en.2	24		No to the unworkable fiscal surpluses. And no to the extension of the current program and the requirement of its successful completion.	s4
es-en.2	24		No to the unworkable fiscal surpluses. And no to the extension of the current program and the requirement that it be successfully completed.	s5
es-en.2	24		To not have the unworkable fiscal surpluses. And to not have the extension of the current program and the requirement of successful completion of it.	s3
es-en.2	24		Not to the unworkable fiscal surpluses. And no to the extension of the current program and to the requirement of successful completion of it.	s6
es-en.2	24		Not to unusable fiscal surpluses. And no to the extension of the current program and the requirement of itsuccessful completion	s7
es-en.2	24		Not to the unworkable fiscal surpluses, and no to the extension of the current program and the requirement of successful completion of it.	s8
